Alfa Romeo,Italy
Aston Martin,UK
Audi,Germany
BMW,Germany
Chevrolet,USA
Dodge,USA
Ferrari,Italy
Honda,Japan
Jaguar,UK
Lamborghini,Italy
Mazda,Japan
McLaren,UK
Mercedes-Benz,Germany
Nissan,Japan
Pagani,Italy
Porsche,Germany
FIAT,Italy
Mini,Germany
Scion,USA
Subaru,Japan
Bentley,UK
Buick,USA
Ford,USA
Hyundai,South Korea
Lexus,Japan
Maserati,Italy
Roush,USA
Volkswagen,Germany
Acura,Japan
Cadillac,USA
Infiniti,Hong Kong
KIA,South Korea
Mitsubishi,Japan
Rolls-Royce,UK
Toyota,Japan
Volvo,Sweden
Chrysler,USA
Lincoln,USA
GMC,USA
RAM,USA
Jeep,USA
Land Rover,UK