Giulia,Alfa Romeo
Stelvio,Alfa Romeo
DB11,Aston Martin
Vantage,Aston Martin
A1,Audi
A3,Audi
A4,Audi
Q5,Audi
R8,Audi
3 Series,BMW
X5,BMW
M4,BMW
Camaro,Chevrolet
Tahoe,Chevrolet
Silverado,Chevrolet
Charger,Dodge
Challenger,Dodge
Durango,Dodge
488,Ferrari
Roma,Ferrari
Portofino,Ferrari
Civic,Honda
Accord,Honda
CR-V,Honda
XF,Jaguar
F-Type,Jaguar
F-Pace,Jaguar
Huracan,Lamborghini
Aventador,Lamborghini
Urus,Lamborghini
MX-5,Mazda
CX-5,Mazda
3,Mazda
720S,McLaren
570S,McLaren
Senna,McLaren
C-Class,Mercedes-Benz
E-Class,Mercedes-Benz
GLE,Mercedes-Benz
Altima,Nissan
GT-R,Nissan
Rogue,Nissan
Sentra,Nissan
Huayra,Pagani
Zonda,Pagani
911,Porsche
Cayenne,Porsche
Macan,Porsche
500,FIAT
Panda,FIAT
Tipo,FIAT
Cooper,Mini
Countryman,Mini
Clubman,Mini
FR-S,Scion
tC,Scion
xB,Scion
Impreza,Subaru
Outback,Subaru
WRX,Subaru
Continental,Bentley
Bentayga,Bentley
Flying Spur,Bentley
Enclave,Buick
Regal,Buick
LaCrosse,Buick
Mustang,Ford
F-150,Ford
Explorer,Ford
Focus,Ford
Elantra,Hyundai
Santa Fe,Hyundai
Tucson,Hyundai
RX,Lexus
ES,Lexus
NX,Lexus
Ghibli,Maserati
Levante,Maserati
Quattroporte,Maserati
Mustang GT,Roush
F-150 Raptor,Roush
Golf,Volkswagen
Passat,Volkswagen
Tiguan,Volkswagen
TLX,Acura
MDX,Acura
RDX,Acura
Escalade,Cadillac
CTS,Cadillac
XT5,Cadillac
QX80,Infiniti
Q50,Infiniti
QX60,Infiniti
Sorento,KIA
Soul,KIA
Sportage,KIA
Outlander,Mitsubishi
Eclipse Cross,Mitsubishi
Mirage,Mitsubishi
Phantom,Rolls-Royce
Ghost,Rolls-Royce
Cullinan,Rolls-Royce
Corolla,Toyota
Camry,Toyota
GT86,Toyota
Highlander,Toyota
XC90,Volvo
S60,Volvo
XC60,Volvo
Pacifica,Chrysler
300,Chrysler
Voyager,Chrysler
Navigator,Lincoln
Aviator,Lincoln
Corsair,Lincoln
Yukon,GMC
Acadia,GMC
Sierra,GMC
1500,RAM
2500,RAM
3500,RAM
Wrangler,Jeep
Cherokee,Jeep
Grand Cherokee,Jeep
Range Rover,Land Rover
Discovery,Land Rover
Defender,Land Rover
Freelander,Land Rover