Clutch Slave Cylinder For HONDA CIVIC, Clutch Slave Cylinder For HONDA CIVIC MK8 2.2 CTDI 2005-2011| CRV 2.2 CTDI 2007, 62.50, 7, Spare part, Civic
AUTOMATIC 8 SPEED GEARBOX, BMW F07 F02 F01 F11 630d 730d 530d N57 8HP70 8HP70Z AUTOMATIC 8 SPEED GEARBOX, 1500.00, 3, Spare part,
Oil Filter For Toyota GT86, Genuine Oil Filter For Toyota GT86 4UGSE 2012 Onwards 90915YZZS2, 10.49, 32, Spare part, GT86
Land Rover Freelander 2 Rubber Floor Boot Liner, Genuine Land Rover Freelander 2 Rubber Floor Boot Liner Mat Liner 2007 - 2014, 75.00, 14, Accessory, Freelander
Milwaukee Impact Driver, Milwaukee 3453-20 M12 Fuel 1/4 Hex Impact Driver 12 Volt GEN 3, 72.99, 14, Tool,
Front Suspension Strut and Coil Spring Assembly for Nissan Sentra, 2 Front Suspension Strut and Coil Spring Assembly FCS fits 2013 Nissan Sentra, 225.00, 5, Spare part, Sentra
Screwdriver Set With Case, 58 in 1 Magnetic Screwdriver Set Slotted Phillips Torx Pozidriv Hex With Case, 30.00, 9, Tool,
Front & Rear Rotors & Brake Pads for Chevy Silverado, 12" Front & 12.78" Rear Drilled Rotors Brake Pads for Chevy Silverado, 243.47, 6, Spare part, Silverado, True, 192.34
Audi A1 Front & Rear Brake Discs & Pads, Audi A1 1.4 TFSi 120/125/140/150bhp 1.6 TDi 10- Front & Rear Brake Discs & Pads, 174.99, 6, Spare part, A1
Front Braided Brake Line for Audi A3, StopTech 950.33026 Front Braided Brake Line for 15-19 Audi A3 S3, 107.23, 12, Spare part, A3, True, 96.51
Audi A8 S8 Q7 Cigarette Lighter Cover, Audi A8 S8 Q7 quattro 2010-2017 Car Cigarette Lighter Cover Black, 10.02, 21, Accessory, True, 8.99
BIG RED 3 Ton Steel Jack Stands, BIG RED 3 Ton (6.000 lb) T43202 Torin Steel Jack Stands Capacity Red, 32.99, 9, Tool,
Craftsman SAE Wrench Set, Craftsman SAE Full Polish Combination Ratcheting Wrench Set - 10 pcs, 69.97, 31, Tool,
Chevrolet Performance 19433030 Crate Engine, Chevrolet Performance 19433030 Crate Engine - Sbc 350/330Hp Crate Engine 350 Cu, 6578.80, 1, Spare part, True, 5999.99
MSD 84741 Crate Engine Ignition Kit, MSD 84741 Crate Engine Ignition Kit For GM NEW, 686.95, 5, Spare part,
Headlight Right Passenger Side For Dodge Challenger, Headlight Headlamp Right Passenger Side For Dodge Challenger 2015 2016-2020 2021, 178.96, 4, Spare part, Challenger, True, 116.32
Dodge Challenger Scat Pack LED Door Courtesy Puddle Lights, Dodge Challenger Scat Pack LED Door Courtesy Puddle Lights 6.4L R/T 392 SRT, 59.99, 8, Accessory, Challenger, True, 53.99
SpeedFactory Racing Fuel Cell, SpeedFactory Racing Front Mount Drag Race Fuel Cell With Mounting Tabs, 388.54, 3, Spare part,
Eventuri Complete Black Carbon Inlet Plenum for BMW M3, Eventuri Complete Black Carbon Inlet Plenum for BMW E9X M3, 2435.00, 2, Spare part, 3 Series
Air Filters for Audi R8, K&N E-0668 Drop in Air Filters for Replacement for 08-13 Audi R8 4.2L V8, 329.99, 4, Spare part, R8
3 Tier Rolling Tool Cart, 3 Tier Rolling Tool Cart 880LBS Capacity Heavy Duty Utility Cart Tool Organizer, 124.19, 2, Tool,
FERRARI PORTOFINO PASSENGER SIDE HEADLIGHT, 2018 2019 2020 2021 FERRARI PORTOFINO F164 RIGHT PASSENGER SIDE HEADLIGHT LED, 649.99, 3, Spare part, Portofino
Ferrari 458 Challenge Complete Engine, Ferrari 458 Challenge Complete Engine (277603) - USED, 34000.00, 1, Spare part, 458
ORIGINAL fuel pump Audi A3, ORIGINAL fuel pump Audi A3 Sportback (8VA 8VF) 2015, 215.17, 4, Spare part, A3
nozzle injection unit Audi RS6, 079906036C AA injection nozzle injector injection unit Audi RS6 4F 5.0TFSI BUH, 1073.23, 3, Spare part, A6, True, 999.00
Ford Performance Crate Engine, Ford Performance Parts M-6007-a52xs Aluminator 52xs Crate Engine, 23210.82, 2, Spare part,
Carbon Fiber Center Console Panel Trim For Audi A3, Carbon Fiber Center Console Gear Shift Panel Trim For Audi A3 S3 RS3 2014-2018, 185.60, 5, Accessory, A3, True, 148.48
AUDI A3 SEDAN QUAD EXHAUST REAR BUMPER DIFFUSER, FOR 2014-2016 AUDI A3 4DR SEDAN 8V S3 STYLE QUAD EXHAUST REAR BUMPER DIFFUSER, 102.99, 2, Accessory, A3
Intercooler Charge Pipe intake pipe For Audi A3, Intercooler Charge Pipe intake pipe For Audi A3 S3 EA888 2.0T, 158.00, 8, Spare part, A3
AUDI A3 Bi-Xenon LED DRL Headlight Lamp Left, HELLA AUDI A3 8P Sportback Facelift Bi-Xenon LED DRL Headlight Lamp Left 09-13, 413.60, 8, Spare part, A3
Led Tail Lights Lamp Toyota Corolla, Led Tail Lights Lamp Red / Clear + cover bases For 2003~08 Toyota Corolla ZRE120, 250.00, 5, Spare part, Corolla, True, 279.00
Trunk Lip Spoiler For Toyota Corolla, Fyralip Trunk Lip Spoiler For Toyota Corolla E100 7th gen Sedan 93-97 Unpainted, 61.56, 8, Accessory, Corolla, True, 76.95
Manual Fold LED Signal Side Mirror TOYOTA COROLLA, Manual Fold LED Signal Side Mirror For 2003 2004~2005~06~07~2008 TOYOTA COROLLA, 179.00, 10, Spare part, Corolla
Toyota Gt-86 Stock Head Unit, 2017 Toyota Gt-86 Stock Head Unit, 150.00, 7, Spare part, GT86
TOYOTA CAMRY SUNROOF MOTOR, 2012-2017 TOYOTA CAMRY SUNROOF MOTOR 63260-06060, 119.00, 8, Spare part, Camry
Toyota Camry Side Window Privacy Sunshade, Fit For Toyota Camry 2012-2017 Side Window Black Silver Privacy Sunshade 4pcs, 50.00, 19, Accessory, Camry, True, 39.99
Toyota Camry Front Passenger Right Door Latch Lock Actuator, Toyota Camry 1997-01 Front Passenger Right Door Latch Lock Actuator OEM Tested, 79.99, 5, Spare part, Camry
Toyota Camry Front and Rear Waterproof Floor Liner Mats Carpets, For 2007-2017 Toyota Camry Front and Rear Waterproof Floor Liner Mats Carpets, 41.85, 6, Accessory, Camry, True, 35.00
Auto Trim Clip Upholstery Removal, Auto Trim Clip Upholstery Removal Tool Door Panel Fastener Pin Pliers Puller Set, 6.83, 5, Tool,
Toyota GT86 Rear Trunk GT Spoiler, For Toyota GT86 Rear Trunk GT Spoiler Wing Carbon Fiber Bodykits, 808.00, 8, Accessory, GT86, True, 727.20
GT 86 FA20 Turbo Kit, For 2012+ GT 86 FA20 Turbo Kit GT28 Charger Manifold AC Retain, 1629.99, 3, Spare part, GT86
Carbon Fiber Paddle Shifter For Toyota GT86, Carbon Fiber Paddle Shifter Extension Cover Fit For Toyota GT86, 29.90, 19, Accessory, GT86
Upgrade Intercooler Piping Kit For Toyota 86 GT86, Upgrade Intercooler Piping Kit For Toyota 86 GT86, 148.50, 7, Spare part, GT86, True, 125.99
Audi Q5 Rear Window Spoiler Side Trim, For 2018-2022 Audi Q5 SQ5 Carbon Fiber Rear Window Spoiler Side Wing Trim Cover, 43.80, 18, Accessory, Q5, True, 40.30
Gray Mesh Front Bumper Grille For Audi Q5, Gray Mesh Front Bumper Grille For Audi Q5 SQ5 2009-2012, 200.00, 8, Spare part, Q5
Audi Q5 Rings Front Grill & Rear, Audi Q5 Rings Front Grill & Rear Trunk OEM Emblem Set CARBON FIBRE Logo SQ5 RSQ5, 59.99, 23, Accessory, Q5, True, 56.99
18'' Long 17mm Wrench, Astro Tools 18" Long 17mm Flex Head Nano Socket Ratcheting Wrench #78318, 50.00, 17, Tool,
Hub Bearing Removal Tool, Hub Bearing Removal Tool Hub Remover For Most 5 6 8 Lug Hub Assemblies 40100, 40.53, 23, Tool,
Car Fender Damage Repair Tools Flat Bar, Car Fender Damage Repair Tools Flat Bar Automotive Dent Removal Kit Auto Dent, 25.00, 15, Tool, True, 19.52
Joint Axle Boot Drive Shaft Clamping Tool, ZKTOOL CV Joint Axle Boot Drive Shaft Clamping Tool for Toyota Lexus 09521-24010, 30.00, 26, Tool, True, 19.49
Torque Multiplier Tool, 303-1611 Torque Multiplier Tool for Ford 1.0T ECOBOOST Crankshaft Pulley Tool, 199.00, 15, Tool, True, 189.05
Air Impact Wrench (1-2 Inch), Chicago Pneumatic CP7755 Air Impact Wrench (1/2 Inch) Air Flex Mini Air Gun, 139.99, 15, Tool,
BIG RED Rotating Engine Stand, BIG RED Torin Steel Rotating Engine Stand Folding Frame 3/4 Ton (1.500 lb) Blue, 159.99, 8, Tool,
Heavy Duty Engine Motor Hoist, 2 Ton Folding Heavy Duty Engine Motor Hoist Cherry Picker Shop Crane Lift, 275.99, 10, Tool, True, 262.19
Engine Support Bar Transverse, 1100 Lbs Engine Support Bar Transverse Hoist for Motor Transmission w/ Dual Hook, 69.99, 20, Tool,
Bluetooth Diagnostic Scanner, TOPDON ArtiDiag900 Lite Bluetooth Auto Car Full System Diagnostic OBD2 Scanner, 115.99, 35, Tool,
YELLOW JACKET Interchangeable Head TorqueWrench, YELLOW JACKET 60652 Interchangeable Head TorqueWrench CW/CCW 33NT63, 238.99, 11, Tool, True, 210.00
Dr Torque Wrench & Breaker Bar Combo, Precision Instruments C4D600F 3/4" Dr Torque Wrench & Breaker Bar Combo, 349.99, 9, Tool,
35'' Engine Motor Lift Hoist CHAIN, 35" Engine Motor Lift Hoist CHAIN Max Lifting 4000 Lbs, 23.50, 25, Tool, True, 19.99
Mobil 1 Full Synthetic Engine Oil, Mobil 1 Full Synthetic Engine Oil High Mileage 5W-30 10W-30 10W-40 5QT 4.73Liter, 91.00, 35, Tool,
Nissan Sentra Android 13 CarPlay Car Stereo, For Nissan Sentra 2016-2019 Android 13 CarPlay Car Stereo Radio GPS WIFI, 86.83, 8, Accessory, Sentra
TailLights For Nissan Sentra, NEW Red Clear TailLights For 1991~1994 JDM Nissan Sentra Tsuru B13 LB13, 99.00, 13, Spare part, Sentra, True, 88.99
Cold Air Intake System for Nissan Sentra, Injen SP1970P Cold Air Intake System w/Filter for 13-19 Nissan Sentra L4 1.8L, 326.95, 18, Spare part, Sentra
Starter For Nissan Sentra, Starter For Nissan Sentra 2007-12 2.5L 23300-ET80A, 68.42, 22, Spare part, Sentra, True, 64.31
Front Bumper Fits Nissan Sentra, KBD Body Kits R34 Style Polyurethane Front Bumper Fits Nissan Sentra 04-06, 299.00, 14, Spare part, Sentra
Rear Roof Lip Spoiler for Audi Q5, Rear Roof Tail Wing Trunk Lip Spoiler ABS Black For 2018-2024 2023 22 Audi Q5, 326.69, 7, Accessory, Q5, True, 284.22
Audi Q5 Dual Exhaust Tips Upgrade, Car Dual Exhaust Tips For Audi Q5 Upgrade SQ5 Stainless Steel Tail Muffler Pipes, 128.88, 14, Accessory, Q5, True, 121.15
Window Tint Shade Film For Audi Q5, PreCut All Sides + Rear Window Film Any Tint Shade % VLT For Audi Q5 2018-2023, 39.98, 34, Accessory, Q5
Audi R8 Rear Trunk GT Spoiler, For Audi R8 08-14 Rear Trunk Boot GT Spoiler Wing Lip Body Kits Carbon Fiber, 1405.60, 8, Accessory, R8, True, 1265.04
STAINLESS EXHAUST SYSTEM for AUDI R8, HIFLOW X-PIPE 3" STAINLESS CATBACK EXHAUST SYSTEM for AUDI R8 2008-2015 5.2L V10, 995.95, 11, Spare part, R8, True, 946.15
Audi R8 Stainless manifold exhaust, for Audi R8 V10 Stainless manifold exhaust, 1900.00, 6, Spare part, R8
Audi A1 Front and Rear Mat, Genuine Audi A1 Front & Rear Textile/Carpet Mat Set - 8X2061270L MNO, 89.95, 8, Accessory, A1
Genuine HELLA Alternator, Genuine HELLA Alternator - AUDI A1 A4 A4 1.6 2.0 1.9 TDI FSI TFSI 2003-2013, 178.65, 12, Spare part, True, 139.99
TYSON RACING Banshee drag transmission, TYSON RACING Banshee drag transmission 1-5 OVERRIDE + cut drum + star, 999.99, 14, Spare part,
Carbon Fiber Air Cleaner Cover, Carbon Fiber Air Cleaner Cover 420-133-812-H, 97.00, 15, Accessory,
Car Seat Organizer, Car Seat Gap Filler Storage Box Phone Holder Organizer Bag Interior Accessories, 40.83, 31, Accessory,
Volvo XC90 2023 Car Rear Bumper Protector, For Volvo XC90 2023 Car Accessories Rear Bumper Protector Scuff Plate Guard Trim, 49.99, 15, Accessory, XC90, True, 41.99
GPS Tracker Anti-theft, Real-time GPS Tracker GSM Locator Car Hidden Tracking Anti-theft Accessories, 29.89, 22, Accessory, True, 25.41
Kenwood Digital Media Receiver, Kenwood DMX7709S 6.8" Digital Media Receiver 2-DIN Apple CarPlay Android Auto BT, 349.00, 18, Accessory,
Vantrue N4 Dash Cam, Vantrue N4 Dash Cam 3 Channel 1440P Front & 1080P Inside & 1080P Rear Dash Cam, 229.99, 15, Accessory,
Backup Parking Sensor for Ford F150, 4x Bumper Backup Parking Reverse Assist Sensor for Ford F150 2009-2014 Rear Side, 29.00, 18, Accessory, F-150
Interior Refresher Lampa Arbre Magique, Interior Refresher Lampa Arbre Magique - Jasmine & Narcissus, 4.38, 31, Accessory,
Inside Rear View Mirror, Inside Rear View Mirror For Hyundai Sonata Elantra Kia Forte Optima, 23.74, 14, Spare part, True, 14.99
Sport Grill for VOLVO S60, Sport Grill Grille BLACK MESH & CHROME FRAME for VOLVO S60 2011 2012 2013, 119.90, 14, Accessory, S60
Brake Rotors and Pads for Volvo S60, Front 286mm & Rear 288mm Brake Rotors + Brake Pads for Volvo S60, 208.95, 31, Spare part, S60, True, 165.07
Front Left Side Switch Panel Trim For Volvo S60, 39802011 Front Left Seat Side Switch Panel Trim Cover For Volvo S60, 23.99, 16, Accessory, S60, True, 21.83
Volvo XC60 Chrome Front Bumper Lip, For Volvo XC60 2018-2023 Steel Chrome Front Bumper Lip Protector Cover Trim 3pcs, 33.00, 25, Accessory, XC60, True, 20.00
Fog Lamp For Volvo XC60, LED Front bumper Daytime Running Light Fog Lamp For Volvo XC60 2014-2018 LH, 54.83, 16, Spare part, XC60
Car Floor Mats for Volvo XC60, Car Floor Mats for Volvo XC 60 08-17 Velour Waterproof Black Carpet Auto Liners, 69.49, 28, Accessory, XC60, True, 48.64
Volvo XC90 Left Rear Bumper Brake Light, For Volvo XC90 2007-2014 Left Rear Bumper Brake Light Fog Lamp Tail Light, 25.07, 25, Spare part, XC90
Isofix Left Rear Seat Replacment For Volvo Xc90, Isofix Left Rear Seat Mounting Holder Replacment For Volvo Xc90, 74.99, 7, Spare part, XC90
Honda Civic Rear Trunk GT Spoiler, For Honda Civic FK7 FK8 VTX2 Style Rear Trunk GT Spoiler Wing Lip FRP Unpainted, 973.28, 12, Accessory, Civic, True, 875.95
Honda Civic White LED Projector, For 2016-2021 Honda Civic DRL White LED Halo Projector Fog Lights Lamp Angel Eye, 59.99, 15, Spare part, Civic
Honda Accord Front LED Headlight Light Bulbs Kit, For Honda Accord 2006-2012 Front LED Headlight Hi-Lo Beam + Fog Light Bulbs Kit, 39.99, 24, Spare part, Accord
Honda Accord Side Skirt Extension, For 2018-2022 10th Honda Accord Painted Gloss Black Yofer Side Skirt Extension, 172.99, 13, Accessory, Accord, True, 150.00
New Carbon fiber steering For Honda Accord, New Carbon fiber+LED steering wheel+red leather For Honda Accord 10th 2018~2022, 699.00, 9, Accessory, Accord, True, 499.00
Honda CR-V Body Kit Trim, For Honda CRV CR-V 2023-2025 Rear Diffuser Front Lip Side Skirts Body Kits Trim, 1250.00, 5, Accessory, CR-V, True, 1175.00
HONDA CR-V Catalytic Converter, For HONDA CR-V CRV 2.4L 2002 2003 2004 2005 2006 Direct fit Catalytic Converter, 105.00, 16, Spare part, CR-V
Honda CR-V Electric Tailgate Power Lift, FITS for Honda CRV CR-V 2017-2022 Electric Tailgate Power Lift Gate Retrofit, 474.05, 18, Spare part, CR-V, True, 445.61
range rover Deployable Electric Side Step, Fits range rover L460 SWB 2022-2024 Deployable Electric Running Board Side Step, 999.00, 5, Accessory, Range Rover
Range Rover Headlights Assembly, For Range Rover 2006-2009 Xenon W/LED Headlights Assembly Headlamp, 1068.99, 12, Spare part, Range Rover, True, 1015.54
Range Rover Air Intake Filter Kit, Range Rover V8 5.0 Supercharged Performance Air Intake Filter Kit 2014 -22, 175.00, 12, Spare part, Range Rover
LAND ROVER DEFENDER DIGITAL DASHBOARD, LAND ROVER DEFENDER DIGITAL DASHBOARD, 710.00, 4, Spare part, Defender, True, 650
Land Rover Defender Front Radiator Grille, Fit For Land Rover Defender Front Standard Radiator Grille Black ALR8765PUC, 56.90, 10, Accessory, Defender, True, 54.05
Snorkels Kit For Land Rover Defender, Air Intake Systems Snorkels Kit For Land Rover Defender TD5/300 TDi 1993-2007, 179.19, 14, Accessory, Defender
Rear Left Shock for Land Rover Freelander, Rear Left Shock Strut Assy Fit Land Rover Freelander LR2 L359 LR031666 LR023244, 134.70, 15, Spare part, Freelander, True, 121.23
16 pin stereo wire harness For Land Rover Freelander 2, 16 pin Car stereo Power Cable wire harness For Land Rover Freelander 2 LR2 07-12, 25.99, 15, Spare part, Freelander
Rear Trunk Spoiler For Chevrolet Camaro, REAL CARBON Rear Trunk Spoiler Wing Lip For Chevrolet Camaro ZL1 LT SS RS 16-24, 1239.00, 6, Accessory, Camaro, True, 1177.05
Camaro TURBO KIT STAINLESS STEEL, For Camaro Firebird LT1 V8 SBC T4 TURBO KIT STAINLESS STEEL PACKAGE 93-97 SS Z28, 624.00, 5, Spare part, Camaro
Chevrolet Camaro Front Floor Mats, 2016-2024 Chevrolet Camaro SS Front Floor Mats Bright Red Premium 32oz, 178.99, 16, Accessory, Camaro
Chevrolet Silverado 1500 Front Bumper Skid Plate, 2022-2024 Chevrolet Silverado 1500 Front Bumper Lower Valance Skid Plate Black, 185.00, 18, Accessory, Silverado
Hydro-Boost Power Brake Booster for Chevrolet Silverado, Hydro-Boost Power Brake Booster for Chevrolet Silverado 1500 2500 HD, 170.00, 8, Spare part, Silverado
AC Compressor for Chevrolet Tahoe, A/C Compressor OEM HU6 fits Chevrolet Tahoe, 138.99, 6, Spare part, Tahoe
Rear Suspension Kit for Chevy Suburban Tahoe, Rear Suspension Kit for Chevy Suburban Tahoe, 197.61, 11, Spare part, Tahoe
Chevrolet Tahoe Apple CarPlay Unit, Chevrolet Tahoe Car Radio DVD CD Player CarPlay GPS, 200.00, 6, Accessory, Tahoe, True, 167.00
Turbo Kit for Ford Focus, Turbo Kit T3/T4 for Ford Focus 2.0L / 2.3L IC PK WG BOV Manifold BL, 743.50, 5, Spare part, Focus
Ford Focus Hatchback RS Roof Spoiler, Fits 12-18 Ford Focus Hatchback RS Style Rear Roof Top Spoiler Wing Glossy Black, 200, 16, Accessory, Focus, True, 139.99
SRS CATBACK EXHAUST SYSTEM FOR FORD FOCUS ST, SRS TYPE-R1 CATBACK EXHAUST SYSTEM FOR 2013 - 2017 FORD FOCUS ST 2.0L TURBO 3", 619.99, 3, Spare part, Focus
Turbo Pair For Ford F-150, Left +Right Turbo Pair For Ford F150 F-150 V6 3.5L 2013-2016 Gas Turbocharger, 532.52, 8, Spare part, F-150, True, 399.39
Ford F-150 Black Leather Seat Covers, 2015-20 Ford F-150 XLT SuperCrew Black Leather Seat Covers Factory Style Upgrade, 599.99, 12, Accessory, F-150
Ford Mustang ROBOT Carbon Fiber Wing, Ford Mustang 2015-22 ROBOT Carbon Fiber Rear Trunk Spoiler Wing Flap, 988.88, 4, Accessory, Mustang
Supercharger Upgrade Kit for Ford Mustang, Supercharger Upgrade Kit Roush Performance 421994-AA ROUSH 2015-2017 Mustang P1, 1299.99, 6, Spare part, Mustang
SYNC 1 to SYNC 3 Upgrade Kit for Ford Mustang, SYNC 1 to SYNC 3 Upgrade Kit Fit for Ford Mustang 2015-2020 SYNC3.4 NA223, 1000.00, 5, Accessory, Mustang
Carbon Rear Trunk Spoiler for Ferrari Portofino, Performance Carbon Rear Trunk Spoiler Ducktail Wing Lip for Ferrari Portofino, 1699.99, 3, Accessory, Portofino
Ferrari Portofino iPE Innotech Exhaust System, Ferrari Portofino iPE Innotech Exhaust System SS, 5500.00, 1, Spare part, Portofino